{
    "id": "01_0263",
    "type": "movie",
    "title": "동방의 무법자",
    "genre": [
        "액션"
    ],
    "year": 2000,
    "theme": "라이벌",
    "concept": "C004과 C005에게 희롱 당하는 C003와 C002를 C001가 구해준다.",
    "structure": "스토리헬퍼 15단계",
    "motif": "복수혈전",
    "main_character": "검객/무사/검사",
    "conflict": "C006과 부하들이 C001에게 복수하기 위하여 덤빈다.",
    "characters": [
        "C001",
        "C002",
        "C003",
        "C004",
        "C005",
        "C006",
        "C007"
    ],
    "units": [
        {
            "id": "01_0263_01",
            "next_id": "01_0263_02",
            "characters": [
                "C001",
                "악당들",
                "해설자",
                "악당2",
                "악당3",
                "악당4"
            ],
            "stage": "Opening Salvo",
            "storyline": "C001가 어두운 골목에서 악당을 물리치며 걸어 나온다.",
            "unit_motif": "적 제압/퇴치",
            "causality": "Retaliation(보복/복수)",
            "story_scripts": [
                {
                    "type": "narrative",
                    "location": "밤 거리",
                    "character": [
                        "C001"
                    ],
                    "act": "간다/이동한다",
                    "emotion": "자신감 있다",
                    "content": "리가 어두운 골목을 걸어 나온다."
                },
                {
                    "type": "narrative",
                    "location": "밤 거리",
                    "character": [
                        "C001"
                    ],
                    "act": "공개하다/드러내다",
                    "emotion": "자신감 있다",
                    "content": "리는 코트에 중절모를 쓰고 있다."
                },
                {
                    "type": "narrative",
                    "location": "밤 거리",
                    "character": [
                        "악당들"
                    ],
                    "act": "공격하다",
                    "emotion": "단호하다",
                    "content": "악당들이 리를 둘러싸고 덤비기 시작한다."
                },
                {
                    "type": "narrative",
                    "location": "밤 거리",
                    "character": [
                        "해설자"
                    ],
                    "act": "말하다",
                    "emotion": "비장하다",
                    "content": "해설자가 각자의 이름을 알려준다."
                },
                {
                    "type": "narrative",
                    "location": "밤 거리",
                    "character": [
                        "악당2"
                    ],
                    "act": "다투다/대립하다",
                    "emotion": "괴롭다",
                    "content": "악당2가 리의 발 차기에 쓰러진다."
                },
                {
                    "type": "narrative",
                    "location": "밤 거리",
                    "character": [
                        "악당3"
                    ],
                    "act": "다투다/대립하다",
                    "emotion": "괴롭다",
                    "content": "악당3이 리에게 맞아 쓰러진다."
                },
                {
                    "type": "narrative",
                    "location": "밤 거리",
                    "character": [
                        "악당4"
                    ],
                    "act": "다투다/대립하다",
                    "emotion": "단호하다",
                    "content": "악당4가 리에게 덤빈다."
                },
                {
                    "type": "narrative",
                    "location": "밤 거리",
                    "character": [
                        "C001"
                    ],
                    "act": "다투다/대립하다",
                    "emotion": "비장하다",
                    "content": "리가 악당4를 제압한다."
                },
                {
                    "type": "narrative",
                    "location": "밤 거리",
                    "character": [
                        "C001"
                    ],
                    "act": "간다/이동한다",
                    "emotion": "유쾌하다",
                    "content": "리가 악당들을 물리치고 걸어간다."
                },
                {
                    "type": "script",
                    "location": "밤 거리",
                    "character": [
                        "해설자"
                    ],
                    "act": "말하다",
                    "emotion": "비장하다",
                    "content": "C001는 정의를 지키는 자였다."
                }
            ]
        },
        {
            "id": "01_0263_02",
            "prev_id": "01_0263_01",
            "next_id": "01_0263_03",
            "characters": [
                "C002",
                "C003"
            ],
            "stage": "Main Character",
            "storyline": "중앙역에 도착한 C002와 C003가 성공을 약속한다.",
            "unit_motif": "여정의 시작",
            "causality": "First Action(시작)",
            "story_scripts": [
                {
                    "type": "narrative",
                    "location": "중앙역",
                    "character": [
                        "C002",
                        "C003"
                    ],
                    "act": "간다/이동한다",
                    "emotion": "기대되다",
                    "content": "C002와 C003가 중앙역을 나온다."
                },
                {
                    "type": "script",
                    "location": "중앙역",
                    "character": [
                        "C002"
                    ],
                    "act": "말하다",
                    "emotion": "감탄하다",
                    "content": "여기가 바로 그 유명한 곳이구나."
                },
                {
                    "type": "script",
                    "location": "중앙역",
                    "character": [
                        "C003"
                    ],
                    "act": "말하다",
                    "emotion": "기대되다",
                    "content": "진짜 멋있다. 이제 우리 앞날은 탄탄대로야."
                },
                {
                    "type": "script",
                    "location": "중앙역",
                    "character": [
                        "C002"
                    ],
                    "act": "조언/충고하다",
                    "emotion": "긴장되다",
                    "content": "너무 그렇게 흥분하지 마."
                },
                {
                    "type": "script",
                    "location": "중앙역",
                    "character": [
                        "C003"
                    ],
                    "act": "말하다",
                    "emotion": "지겹다",
                    "content": "걱정도 많지."
                },
                {
                    "type": "narrative",
                    "location": "중앙역",
                    "character": [
                        "C003"
                    ],
                    "act": "약속하다",
                    "emotion": "설레다",
                    "content": "C003가 C002에게 새끼손가락을 내민다."
                },
                {
                    "type": "script",
                    "location": "중앙역",
                    "character": [
                        "C003"
                    ],
                    "act": "제안하다",
                    "emotion": "기대되다",
                    "content": "다음에 우리가 꿈을 이루는 날 저 높은 빌딩에서 보자."
                },
                {
                    "type": "narrative",
                    "location": "중앙역",
                    "character": [
                        "C002"
                    ],
                    "act": "공개하다/드러내다",
                    "emotion": "설레다",
                    "content": "C002가 웃으며 손을 내민다."
                },
                {
                    "type": "narrative",
                    "location": "중앙역",
                    "character": [
                        "C002",
                        "C003"
                    ],
                    "act": "약속하다",
                    "emotion": "설레다",
                    "content": "C003와 C002가 손가락을 걸고 약속한다."
                },
                {
                    "type": "narrative",
                    "location": "중앙역",
                    "character": [
                        "C002",
                        "C003"
                    ],
                    "act": "웃는다",
                    "emotion": "기대되다",
                    "content": "C003와 C002가 웃는다."
                }
            ]
        },
        {
            "id": "01_0263_03",
            "prev_id": "01_0263_02",
            "next_id": "01_0263_04",
            "characters": [
                "C002",
                "C003",
                "C004",
                "C005",
                "C001"
            ],
            "stage": "Setting-up",
            "storyline": "C002와 C003 앞을 C004과 C005이 가로막고 희롱할 때, C001가 나타난다.",
            "unit_motif": "이지메",
            "causality": "Temptation(유혹)",
            "story_scripts": [
                {
                    "type": "narrative",
                    "location": "골목",
                    "character": [
                        "C002",
                        "C003"
                    ],
                    "act": "간다/이동한다",
                    "emotion": "기대되다",
                    "content": "C002와 C003가 골목을 걷는다."
                },
                {
                    "type": "narrative",
                    "location": "골목",
                    "character": [
                        "C004"
                    ],
                    "act": "위협하다/협박하다",
                    "emotion": "자신감 있다",
                    "content": "C004이 C002와 C003의 앞을 가로막는다."
                },
                {
                    "type": "script",
                    "location": "골목",
                    "character": [
                        "C004"
                    ],
                    "act": "묻는다",
                    "emotion": "자신감 있다",
                    "content": "여기에서 다들 뭐 하는 거야?"
                },
                {
                    "type": "narrative",
                    "location": "골목",
                    "character": [
                        "C002",
                        "C003"
                    ],
                    "act": "보다",
                    "emotion": "무섭다",
                    "content": "C002와 C003가 겁에 질린다."
                },
                {
                    "type": "script",
                    "location": "골목",
                    "character": [
                        "C003"
                    ],
                    "act": "경고하다",
                    "emotion": "무섭다",
                    "content": "건드리기만 해 봐. 신고할 거야."
                },
                {
                    "type": "script",
                    "location": "골목",
                    "character": [
                        "C005"
                    ],
                    "act": "말하다",
                    "emotion": "괘씸하다",
                    "content": "아이고. 겁나네."
                },
                {
                    "type": "script",
                    "location": "골목",
                    "character": [
                        "C001"
                    ],
                    "act": "경고하다",
                    "emotion": "비장하다",
                    "content": "여성분들 만지지 마!"
                },
                {
                    "type": "narrative",
                    "location": "골목",
                    "character": [
                        "C004",
                        "C005"
                    ],
                    "act": "보다",
                    "emotion": "당황하다",
                    "content": "C004과 C005이 뒤를 돌아본다."
                },
                {
                    "type": "script",
                    "location": "골목",
                    "character": [
                        "C001"
                    ],
                    "act": "한심해 하다",
                    "emotion": "비장하다",
                    "content": "창피하고 부끄러운 짓만 골라서 하는구나."
                },
                {
                    "type": "narrative",
                    "location": "골목",
                    "character": [
                        "C004"
                    ],
                    "act": "공격하다",
                    "emotion": "약오르다",
                    "content": "C004이 리에게 덤빈다."
                },
                {
                    "type": "narrative",
                    "location": "골목",
                    "character": [
                        "C001"
                    ],
                    "act": "피하다/회피하다",
                    "emotion": "괘씸하다",
                    "content": "C001가 C004의 공격을 피한 후 다리를 건다."
                }
            ]
        },
        {
            "id": "01_0263_04",
            "prev_id": "01_0263_03",
            "next_id": "01_0263_05",
            "characters": [
                "C005",
                "C004",
                "C001",
                "C003",
                "C002"
            ],
            "stage": "1st Accident",
            "storyline": "C001가 C004과 C005을 물리친다.",
            "unit_motif": "적 제압/퇴치",
            "causality": "Herald(발표/예고)",
            "story_scripts": [
                {
                    "type": "narrative",
                    "location": "골목",
                    "character": [
                        "C005"
                    ],
                    "act": "간다/이동한다",
                    "emotion": "걱정",
                    "content": "C005이 C004에게 달려간다."
                },
                {
                    "type": "script",
                    "location": "골목",
                    "character": [
                        "C004"
                    ],
                    "act": "경고하다",
                    "emotion": "괘씸하다",
                    "content": "지금 나를 건드렸어?"
                },
                {
                    "type": "narrative",
                    "location": "골목",
                    "character": [
                        "C004"
                    ],
                    "act": "공개하다/드러내다",
                    "emotion": "비장하다",
                    "content": "C004이 웃통을 벗기 시작한다."
                },
                {
                    "type": "narrative",
                    "location": "골목",
                    "character": [
                        "C001",
                        "C004"
                    ],
                    "act": "다투다/대립하다",
                    "emotion": "비장하다",
                    "content": "C001와 C004의 대결이 시작된다."
                },
                {
                    "type": "narrative",
                    "location": "골목",
                    "character": [
                        "C004"
                    ],
                    "act": "쓰러지다",
                    "emotion": "창피하다",
                    "content": "C004이 쓰러진다."
                },
                {
                    "type": "script",
                    "location": "골목",
                    "character": [
                        "C004"
                    ],
                    "act": "명령하다",
                    "emotion": "비참하다",
                    "content": "저 사람을 공격해! 다시는 일어날 수 없게 해!"
                },
                {
                    "type": "narrative",
                    "location": "골목",
                    "character": [
                        "C001"
                    ],
                    "act": "때리다",
                    "emotion": "단호하다",
                    "content": "C001가 C005을 때린다."
                },
                {
                    "type": "script",
                    "location": "골목",
                    "character": [
                        "C001"
                    ],
                    "act": "조언/충고하다",
                    "emotion": "단호하다",
                    "content": "지금이라도 늦지 않았어. 정신 차리고 옳은 길을 가라!"
                },
                {
                    "type": "narrative",
                    "location": "골목",
                    "character": [
                        "C004",
                        "C005"
                    ],
                    "act": "도망치다",
                    "emotion": "주눅들다",
                    "content": "C004과 C005이 도망간다."
                },
                {
                    "type": "narrative",
                    "location": "골목",
                    "character": [
                        "C003",
                        "C002"
                    ],
                    "emotion": "반하다",
                    "content": "C003와 C002가 부끄러워하며 고개를 돌린다."
                }
            ]
        },
        {
            "id": "01_0263_05",
            "prev_id": "01_0263_04",
            "next_id": "01_0263_06",
            "characters": [
                "C006",
                "C007",
                "C005",
                "수행원"
            ],
            "stage": "Making a Choice",
            "storyline": "C005이 C006에게 찾아와 C001에게 당했음을 알린다.",
            "unit_motif": "제보/신고/고발",
            "causality": "Misdirection(잘못된 선택)",
            "story_scripts": [
                {
                    "type": "narrative",
                    "location": "다방",
                    "character": [
                        "C006",
                        "C007"
                    ],
                    "act": "포옹하다/껴안다",
                    "emotion": "행복하다",
                    "content": "C006과 C007가 껴안고 있다."
                },
                {
                    "type": "narrative",
                    "location": "다방",
                    "character": [
                        "C006",
                        "C007"
                    ],
                    "act": "키스하다",
                    "emotion": "행복하다",
                    "content": "C006과 C007가 키스한다."
                },
                {
                    "type": "script",
                    "location": "다방",
                    "character": [
                        "C005"
                    ],
                    "act": "소리치다",
                    "emotion": "참담하다",
                    "content": "드릴 말씀이 있습니다."
                },
                {
                    "type": "narrative",
                    "location": "다방",
                    "character": [
                        "C005"
                    ],
                    "act": "귓속말하다",
                    "emotion": "단호하다",
                    "content": "C005이 C006에게 다가와 귓속말한다."
                },
                {
                    "type": "narrative",
                    "location": "다방",
                    "character": [
                        "C006"
                    ],
                    "act": "때리다",
                    "emotion": "약오르다",
                    "content": "C006이 분노하며 C007와 C005을 때린다."
                },
                {
                    "type": "narrative",
                    "location": "다방",
                    "character": [
                        "C007",
                        "C005"
                    ],
                    "act": "쓰러지다",
                    "emotion": "비참하다",
                    "content": "C007와 C005이 쓰러지며 나란히 눕는다."
                },
                {
                    "type": "script",
                    "location": "다방",
                    "character": [
                        "C005"
                    ],
                    "act": "꼬시다",
                    "emotion": "설레다",
                    "content": "이렇게 가까이 있는 게 얼마 만이야."
                },
                {
                    "type": "script",
                    "location": "다방",
                    "character": [
                        "C006"
                    ],
                    "act": "소리치다",
                    "emotion": "화나다",
                    "content": "뭐 하는 거야!"
                },
                {
                    "type": "narrative",
                    "location": "다방",
                    "character": [
                        "C006"
                    ],
                    "act": "명령하다",
                    "emotion": "화나다",
                    "content": "C006이 수행원을 불러 명령한다."
                },
                {
                    "type": "narrative",
                    "location": "다방",
                    "character": [
                        "수행원"
                    ],
                    "act": "따르다/응하다",
                    "emotion": "단호하다",
                    "content": "수행원이 C006의 명령을 받고는 C005을 짓밟으며 밖으로 나간다."
                }
            ]
        },
        {
            "id": "01_0263_06",
            "prev_id": "01_0263_05",
            "next_id": "01_0263_07",
            "characters": [
                "C001",
                "C002",
                "C003"
            ],
            "stage": "Making a Choice",
            "storyline": "C001가 C002와 C003에게 빵을 사주며 조심하라고 충고한다.",
            "unit_motif": "새로운 만남",
            "causality": "Courtship(구애)",
            "story_scripts": [
                {
                    "type": "narrative",
                    "location": "빵집",
                    "character": [
                        "C001"
                    ],
                    "act": "준다",
                    "emotion": "반갑다",
                    "content": "리가 C002와 C003에게 빵을 사준다."
                },
                {
                    "type": "narrative",
                    "location": "빵집",
                    "character": [
                        "C001",
                        "C002",
                        "C003"
                    ],
                    "act": "웃는다",
                    "emotion": "즐겁다",
                    "content": "세 사람은 즐겁게 웃고 있다."
                },
                {
                    "type": "script",
                    "location": "빵집",
                    "character": [
                        "C001"
                    ],
                    "act": "제안하다",
                    "emotion": "즐겁다",
                    "content": "다들 배고플 텐데 배불리 드세요."
                },
                {
                    "type": "narrative",
                    "location": "빵집",
                    "character": [
                        "C001"
                    ],
                    "act": "준다",
                    "emotion": "반하다",
                    "content": "리가 빵을 C002에게 건넨다."
                },
                {
                    "type": "narrative",
                    "location": "빵집",
                    "character": [
                        "C003"
                    ],
                    "act": "낚아채다/움켜쥐다",
                    "emotion": "질투하다",
                    "content": "C003가 C002에게 가는 빵을 가로챈다."
                },
                {
                    "type": "narrative",
                    "location": "빵집",
                    "character": [
                        "C001"
                    ],
                    "emotion": "불만족스럽다",
                    "content": "C002에게 주고 싶었던 빵이 C003에게 가자 리의 표정이 어두워진다."
                },
                {
                    "type": "narrative",
                    "location": "빵집",
                    "character": [
                        "C001"
                    ],
                    "act": "먹는다",
                    "emotion": "거부감",
                    "content": "화가 난 리가 빵을 마구 씹어댄다."
                },
                {
                    "type": "script",
                    "location": "빵집",
                    "character": [
                        "C001"
                    ],
                    "act": "묻는다",
                    "emotion": "궁금하다",
                    "content": "이렇게 멀리까지 어떻게 오셨어요?"
                },
                {
                    "type": "script",
                    "location": "빵집",
                    "character": [
                        "C003"
                    ],
                    "act": "대답한다",
                    "emotion": "기대되다",
                    "content": "돈 벌고 싶어서 왔어요."
                },
                {
                    "type": "script",
                    "location": "빵집",
                    "character": [
                        "C001"
                    ],
                    "act": "조언/충고하다",
                    "emotion": "걱정",
                    "content": "위험한 곳이 많으니 어두운 곳은 위험하면서 다녀야 합니다."
                },
                {
                    "type": "script",
                    "location": "빵집",
                    "character": [
                        "C003"
                    ],
                    "act": "대답한다",
                    "emotion": "단호하다",
                    "content": "그럴게요."
                }
            ]
        },
        {
            "id": "01_0263_07",
            "prev_id": "01_0263_06",
            "next_id": "01_0263_08",
            "characters": [
                "C001",
                "C002",
                "C003"
            ],
            "stage": "Making a Choice",
            "storyline": "C001가 C002에게 반하게 되고, 이를 지켜보던 C003가 둘 사이를 질투한다.",
            "unit_motif": "애정행각",
            "causality": "Possession(집착)",
            "story_scripts": [
                {
                    "type": "narrative",
                    "location": "빵집",
                    "character": [
                        "C001",
                        "C002"
                    ],
                    "act": "보다",
                    "emotion": "반하다",
                    "content": "C001와 C002가 눈이 마주친다."
                },
                {
                    "type": "script",
                    "location": "빵집",
                    "character": [
                        "C001"
                    ],
                    "act": "묻는다",
                    "emotion": "궁금하다",
                    "content": "성함 좀 알려주시겠어요?"
                },
                {
                    "type": "narrative",
                    "location": "빵집",
                    "character": [
                        "C003"
                    ],
                    "act": "대답한다",
                    "emotion": "궁금하다",
                    "content": "C003는 자신의 이름과 C002의 이름을 함께 말한다."
                },
                {
                    "type": "script",
                    "location": "빵집",
                    "character": [
                        "C001"
                    ],
                    "act": "대답한다",
                    "emotion": "비장하다",
                    "content": "제 이름까지 아실 필요는 없을 겁니다."
                },
                {
                    "type": "script",
                    "location": "빵집",
                    "character": [
                        "C003"
                    ],
                    "act": "추켜세우다",
                    "emotion": "감탄하다",
                    "content": "정말 멋지세요."
                },
                {
                    "type": "narrative",
                    "location": "빵집",
                    "character": [
                        "C002"
                    ],
                    "act": "쓰러지다",
                    "emotion": "당황하다",
                    "content": "C002가 자리에서 일어나다가 넘어진다."
                },
                {
                    "type": "narrative",
                    "location": "빵집",
                    "character": [
                        "C001"
                    ],
                    "act": "터치하다/만지다",
                    "emotion": "설레다",
                    "content": "C001가 C002의 손을 잡아준다."
                },
                {
                    "type": "script",
                    "location": "빵집",
                    "character": [
                        "C003"
                    ],
                    "act": "꾸짖다",
                    "emotion": "질투하다",
                    "content": "제가 아픈데 노래를 듣는다는 게 말이 되나요?"
                },
                {
                    "type": "narrative",
                    "location": "빵집",
                    "character": [
                        "C001"
                    ],
                    "emotion": "설레다",
                    "content": "C001가 헛기침한다."
                },
                {
                    "type": "narrative",
                    "location": "빵집",
                    "character": [
                        "C002"
                    ],
                    "act": "간다/이동한다",
                    "emotion": "설레다",
                    "content": "C002가 어색하게 허둥대며 일어난다."
                }
            ]
        },
        {
            "id": "01_0263_08",
            "prev_id": "01_0263_07",
            "next_id": "01_0263_09",
            "characters": [
                "C005",
                "C002",
                "C003",
                "C001"
            ],
            "stage": "2nd Accident",
            "storyline": "C005이 C001에게 C006의 결투 신청을 알려준다.",
            "unit_motif": "상황 설명",
            "causality": "Approaching the threshold(임계점 도달)",
            "story_scripts": [
                {
                    "type": "narrative",
                    "location": "빵집 앞",
                    "character": [
                        "C005"
                    ],
                    "act": "쓰러지다",
                    "emotion": "괴롭다",
                    "content": "C005이 C001 앞으로 다가와 쓰러진다."
                },
                {
                    "type": "narrative",
                    "location": "빵집 앞",
                    "character": [
                        "C002",
                        "C003"
                    ],
                    "act": "보다",
                    "emotion": "놀라다",
                    "content": "C002와 C003가 쓰러진 C005을 보고 놀란다."
                },
                {
                    "type": "narrative",
                    "location": "빵집 앞",
                    "character": [
                        "C001"
                    ],
                    "act": "포옹하다/껴안다",
                    "emotion": "안타깝다",
                    "content": "리가 쓰러진 C005을 감싸 안는다."
                },
                {
                    "type": "narrative",
                    "location": "빵집 앞",
                    "character": [
                        "C005"
                    ],
                    "act": "준다",
                    "emotion": "서럽다",
                    "content": "C005이 쪽지를 내민다."
                },
                {
                    "type": "script",
                    "location": "빵집 앞",
                    "character": [
                        "C005"
                    ],
                    "act": "말하다",
                    "emotion": "서럽다",
                    "content": "이것 좀 받아주세요."
                },
                {
                    "type": "script",
                    "location": "빵집 앞",
                    "character": [
                        "C001"
                    ],
                    "act": "말하다",
                    "emotion": "씁쓸하다",
                    "content": "저는 글을 모릅니다."
                },
                {
                    "type": "script",
                    "location": "빵집 앞",
                    "character": [
                        "C005"
                    ],
                    "act": "제안하다",
                    "emotion": "안타깝다",
                    "content": "제가 읽어주겠소."
                },
                {
                    "type": "narrative",
                    "location": "빵집 앞",
                    "character": [
                        "C005"
                    ],
                    "act": "받는다",
                    "emotion": "귀찮다",
                    "content": "C005이 C001에게서 쪽지를 받아든다."
                },
                {
                    "type": "script",
                    "location": "빵집 앞",
                    "character": [
                        "C005"
                    ],
                    "act": "읽다",
                    "emotion": "비장하다",
                    "content": "제대로 겨뤄보자!"
                },
                {
                    "type": "script",
                    "location": "빵집 앞",
                    "character": [
                        "C001"
                    ],
                    "act": "모욕하다/욕하다",
                    "emotion": "증오하다",
                    "content": "못된 사람들이구나!"
                }
            ]
        },
        {
            "id": "01_0263_09",
            "prev_id": "01_0263_08",
            "next_id": "01_0263_10",
            "characters": [
                "C001",
                "C006",
                "부하들",
                "C003",
                "C002"
            ],
            "stage": "2nd Accident",
            "storyline": "C001와 C002, C003 앞에 C006이 부하들을 대동하고 나타난다.",
            "unit_motif": "적의 등장",
            "causality": "Preparation for the ordeal(마지막 대격전)",
            "story_scripts": [
                {
                    "type": "narrative",
                    "location": "빵집 앞",
                    "character": [
                        "C001"
                    ],
                    "act": "보다",
                    "emotion": "단호하다",
                    "content": "리가 쪽지를 구기며 고개를 돌려 골목을 본다."
                },
                {
                    "type": "narrative",
                    "location": "빵집 앞",
                    "character": [
                        "C006",
                        "부하들"
                    ],
                    "act": "공개하다/드러내다",
                    "emotion": "비장하다",
                    "content": "C006이 부하들과 함께 나타난다."
                },
                {
                    "type": "script",
                    "location": "빵집 앞",
                    "character": [
                        "C003"
                    ],
                    "act": "말하다",
                    "emotion": "무섭다",
                    "content": "정말 무서워요."
                },
                {
                    "type": "script",
                    "location": "빵집 앞",
                    "character": [
                        "C001"
                    ],
                    "act": "조언/충고하다",
                    "emotion": "담담하다",
                    "content": "제가 있으니 무서워할 필요가 없습니다."
                },
                {
                    "type": "narrative",
                    "location": "빵집 앞",
                    "character": [
                        "C003",
                        "C002"
                    ],
                    "act": "도망치다",
                    "emotion": "불안하다",
                    "content": "C003와 C002가 C005을 발로 밟고 도망친다."
                },
                {
                    "type": "narrative",
                    "location": "빵집 앞",
                    "character": [
                        "C001"
                    ],
                    "act": "데려가다",
                    "emotion": "안심/안도하다",
                    "content": "리가 C003와 C002를 다시 빵집 안으로 들여보낸다."
                },
                {
                    "type": "narrative",
                    "location": "빵집 앞",
                    "character": [
                        "C001"
                    ],
                    "act": "공개하다/드러내다",
                    "emotion": "비장하다",
                    "content": "리가 기합을 넣으며 전투 자세를 취한다."
                },
                {
                    "type": "narrative",
                    "location": "빵집 앞",
                    "character": [
                        "부하들"
                    ],
                    "act": "위협하다/협박하다",
                    "emotion": "괘씸하다",
                    "content": "부하들이 리에게 달려와 둥글게 포위한다."
                },
                {
                    "type": "script",
                    "location": "빵집 앞",
                    "character": [
                        "C003"
                    ],
                    "act": "소리치다",
                    "emotion": "기대되다",
                    "content": "힘내요. 응원할게요!"
                },
                {
                    "type": "narrative",
                    "location": "빵집 앞",
                    "character": [
                        "C006"
                    ],
                    "act": "보다",
                    "emotion": "긴장되다",
                    "content": "C006이 담배를 피우며 상황을 지켜보고 있다."
                }
            ]
        },
        {
            "id": "01_0263_10",
            "prev_id": "01_0263_09",
            "next_id": "01_0263_11",
            "characters": [
                "C006",
                "부하1",
                "C001",
                "부하들",
                "C003",
                "C002"
            ],
            "stage": "Villains Move",
            "storyline": "C006의 부하들이 C001를 공격하지만 리는 가볍게 물리친다.",
            "unit_motif": "적 제압/퇴치",
            "causality": "Retaliation(보복/복수)",
            "story_scripts": [
                {
                    "type": "narrative",
                    "location": "거리",
                    "character": [
                        "C006"
                    ],
                    "act": "명령하다",
                    "emotion": "비장하다",
                    "content": "C006이 왼쪽에 선 부하1에게 공격하라 눈짓한다."
                },
                {
                    "type": "narrative",
                    "location": "거리",
                    "character": [
                        "부하1"
                    ],
                    "act": "간다/이동한다",
                    "emotion": "단호하다",
                    "content": "부하1이 고함을 지르며 리에게 뛰어간다."
                },
                {
                    "type": "narrative",
                    "location": "거리",
                    "character": [
                        "C001"
                    ],
                    "act": "때리다",
                    "emotion": "단호하다",
                    "content": "리가 옆차기 한방을 부하1의 얼굴에 정통으로 때린다."
                },
                {
                    "type": "script",
                    "location": "거리",
                    "character": [
                        "부하1"
                    ],
                    "act": "소리치다",
                    "emotion": "괴롭다",
                    "content": "너무 아픕니다."
                },
                {
                    "type": "narrative",
                    "location": "거리",
                    "character": [
                        "부하1"
                    ],
                    "act": "쓰러지다",
                    "emotion": "괴롭다",
                    "content": "부하1이 바닥에 쓰러진다."
                },
                {
                    "type": "narrative",
                    "location": "거리",
                    "character": [
                        "부하들"
                    ],
                    "act": "공격하다",
                    "emotion": "화나다",
                    "content": "부하들이 리를 사방에서 공격한다."
                },
                {
                    "type": "narrative",
                    "location": "거리",
                    "character": [
                        "C001"
                    ],
                    "act": "다투다/대립하다",
                    "emotion": "화나다",
                    "content": "리가 부하들의 공격을 피하며 전부 때려눕힌다."
                },
                {
                    "type": "narrative",
                    "location": "거리",
                    "character": [
                        "C006"
                    ],
                    "act": "추켜세우다",
                    "emotion": "긴장되다",
                    "content": "지켜보던 C006이 손뼉을 친다."
                },
                {
                    "type": "script",
                    "location": "거리",
                    "character": [
                        "C006"
                    ],
                    "act": "위협하다/협박하다",
                    "emotion": "비장하다",
                    "content": "실력이 대단한데? 네 정체가 뭐냐?"
                },
                {
                    "type": "narrative",
                    "location": "거리",
                    "character": [
                        "C003",
                        "C002"
                    ],
                    "act": "보다",
                    "emotion": "감동하다",
                    "content": "C003와 C002가 리의 활약에 감동받은 얼굴이다."
                }
            ]
        },
        {
            "id": "01_0263_11",
            "prev_id": "01_0263_10",
            "next_id": "01_0263_12",
            "characters": [
                "C006",
                "C001",
                "C002",
                "부하들"
            ],
            "stage": "Villains Move",
            "storyline": "부하로 들어오라는 C006의 제안을 거절한 C001가 싸우는 장소를 옮기자고 제안한다.",
            "unit_motif": "부탁/제안",
            "causality": "Suggestion(제안)",
            "story_scripts": [
                {
                    "type": "narrative",
                    "location": "거리",
                    "character": [
                        "C006"
                    ],
                    "act": "보다",
                    "emotion": "약오르다",
                    "content": "C006이 담배를 피우며 리를 노려본다."
                },
                {
                    "type": "script",
                    "location": "거리",
                    "character": [
                        "C006"
                    ],
                    "act": "제안하다",
                    "emotion": "비장하다",
                    "content": "나와 함께 하겠나? 나의 부하가 되면 좋겠다."
                },
                {
                    "type": "script",
                    "location": "거리",
                    "character": [
                        "C001"
                    ],
                    "act": "묻는다",
                    "emotion": "비장하다",
                    "content": "누군가에게 소속되는 건 질색이다. 다른 선택은 없나?"
                },
                {
                    "type": "script",
                    "location": "거리",
                    "character": [
                        "C006"
                    ],
                    "act": "제안하다",
                    "emotion": "괘씸하다",
                    "content": "멀리 떠나줄 수 있나?"
                },
                {
                    "type": "script",
                    "location": "거리",
                    "character": [
                        "C001"
                    ],
                    "act": "묻는다",
                    "emotion": "놀라다",
                    "content": "어디로 가라는 말이냐?"
                },
                {
                    "type": "narrative",
                    "location": "거리",
                    "character": [
                        "C006"
                    ],
                    "act": "공개하다/드러내다",
                    "emotion": "화나다",
                    "content": "C006이 들고 있던 기차표를 바닥에 던진다."
                },
                {
                    "type": "script",
                    "location": "거리",
                    "character": [
                        "C006"
                    ],
                    "act": "말하다",
                    "emotion": "비장하다",
                    "content": "죽음의 길로 가라는 말이다."
                },
                {
                    "type": "narrative",
                    "location": "거리",
                    "character": [
                        "C002"
                    ],
                    "act": "듣다",
                    "emotion": "걱정",
                    "content": "C002가 C006의 말을 듣고 놀라서 걱정을 한다."
                },
                {
                    "type": "script",
                    "location": "거리",
                    "character": [
                        "C001"
                    ],
                    "act": "제안하다",
                    "emotion": "담담하다",
                    "content": "너의 제안이 모두 마음에 들지 않는구나. 그렇지만 우리 둘 중 하나는 죽음의 길을 선택해야겠지?"
                },
                {
                    "type": "script",
                    "location": "거리",
                    "character": [
                        "C006"
                    ],
                    "act": "말하다",
                    "emotion": "비장하다",
                    "content": "겁이 없구나."
                },
                {
                    "type": "narrative",
                    "location": "거리",
                    "character": [
                        "C001"
                    ],
                    "act": "간다/이동한다",
                    "emotion": "담담하다",
                    "content": "C001가 건물 지붕을 밟으며 사라진다."
                },
                {
                    "type": "narrative",
                    "location": "거리",
                    "character": [
                        "C006",
                        "부하들"
                    ],
                    "act": "간다/이동한다",
                    "emotion": "약오르다",
                    "content": "C006이 부하들과 함께 C001를 쫓는다."
                }
            ]
        },
        {
            "id": "01_0263_12",
            "prev_id": "01_0263_11",
            "next_id": "01_0263_13",
            "characters": [
                "C001",
                "C006",
                "부하들"
            ],
            "stage": "Villains Move",
            "storyline": "C001와 C006이 결투를 하는 중, C006이 칼을 떨어뜨리자 부하들이 리에게 덤벼든다.",
            "unit_motif": "대련/비무",
            "causality": "Crisis of the heart(지극한 슬픔)",
            "story_scripts": [
                {
                    "type": "narrative",
                    "location": "운당 여관 마당",
                    "character": [
                        "C001"
                    ],
                    "act": "간다/이동한다",
                    "emotion": "담담하다",
                    "content": "C001가 운당 여관 마당에 도착한다."
                },
                {
                    "type": "script",
                    "location": "운당 여관 마당",
                    "character": [
                        "C006"
                    ],
                    "act": "말하다",
                    "emotion": "비장하다",
                    "content": "실력이 있긴 하군."
                },
                {
                    "type": "script",
                    "location": "운당 여관 마당",
                    "character": [
                        "C001"
                    ],
                    "act": "말하다",
                    "emotion": "단호하다",
                    "content": "정신을 아직 못 차린 모양이다."
                },
                {
                    "type": "script",
                    "location": "운당 여관 마당",
                    "character": [
                        "C006"
                    ],
                    "act": "말하다",
                    "emotion": "약오르다",
                    "content": "나보다 어린놈이 어찌 그런 말을 하는 거지?"
                },
                {
                    "type": "script",
                    "location": "운당 여관 마당",
                    "character": [
                        "C001"
                    ],
                    "act": "꾸짖다",
                    "emotion": "뻔뻔하다",
                    "content": "나이를 따질 필요는 없다고 생각한다."
                },
                {
                    "type": "script",
                    "location": "운당 여관 마당",
                    "character": [
                        "C006"
                    ],
                    "act": "모욕하다/욕하다",
                    "emotion": "약오르다",
                    "content": "괘씸하구나!"
                },
                {
                    "type": "narrative",
                    "location": "운당 여관 마당",
                    "character": [
                        "C006"
                    ],
                    "act": "공개하다/드러내다",
                    "emotion": "화나다",
                    "content": "C006이 화를 내며 허리춤에서 칼을 빼어든다."
                },
                {
                    "type": "script",
                    "location": "운당 여관 마당",
                    "character": [
                        "C006"
                    ],
                    "act": "경고하다",
                    "emotion": "증오하다",
                    "content": "오늘이 너의 마지막 날인 줄 알아라."
                },
                {
                    "type": "script",
                    "location": "운당 여관 마당",
                    "character": [
                        "C001"
                    ],
                    "act": "꾸짖다",
                    "emotion": "실망하다",
                    "content": "그 칼을 쓰지 못하게 될 것이다."
                },
                {
                    "type": "narrative",
                    "location": "운당 여관 마당",
                    "character": [
                        "C001",
                        "C006"
                    ],
                    "act": "다투다/대립하다",
                    "emotion": "비장하다",
                    "content": "C001와 C006이 싸움을 시작한다."
                },
                {
                    "type": "narrative",
                    "location": "운당 여관 마당",
                    "character": [
                        "C001"
                    ],
                    "act": "공격하다",
                    "emotion": "비장하다",
                    "content": "C001가 C006의 칼을 떨어뜨린다."
                },
                {
                    "type": "script",
                    "location": "운당 여관 마당",
                    "character": [
                        "C001"
                    ],
                    "act": "제안하다",
                    "emotion": "비장하다",
                    "content": "약한 자를 괴롭히는 것은 잘못된 짓이다. 너의 잘못을 인정해라."
                },
                {
                    "type": "script",
                    "location": "운당 여관 마당",
                    "character": [
                        "C006"
                    ],
                    "act": "말하다",
                    "emotion": "경멸하다",
                    "content": "오만함이 하늘을 찌르는구나. 아직 끝나지 않았어."
                },
                {
                    "type": "narrative",
                    "location": "운당 여관 마당",
                    "character": [
                        "부하들"
                    ],
                    "act": "공격하다",
                    "emotion": "단호하다",
                    "content": "부하들이 C001에게 덤빈다."
                },
                {
                    "type": "narrative",
                    "location": "운당 여관 마당",
                    "character": [
                        "부하들"
                    ],
                    "act": "쓰러지다",
                    "emotion": "괴롭다",
                    "content": "부하들이 리의 공격에 나가떨어진다."
                }
            ]
        },
        {
            "id": "01_0263_13",
            "prev_id": "01_0263_12",
            "next_id": "01_0263_14",
            "characters": [
                "C006",
                "C001",
                "부하들",
                "C003"
            ],
            "stage": "Defeat",
            "storyline": "C006이 C002를 인질로 잡고 리를 협박해 항복을 받아내려 할 때, C003가 폼을 잡고 등장한다.",
            "unit_motif": "납치/감금",
            "causality": "Setback(후퇴/역행/좌절)",
            "story_scripts": [
                {
                    "type": "narrative",
                    "location": "운당 여관 마당",
                    "character": [
                        "C006"
                    ],
                    "act": "포박하다/체포하다",
                    "emotion": "화나다",
                    "content": "C006이 C002의 목을 조르고 있다."
                },
                {
                    "type": "script",
                    "location": "운당 여관 마당",
                    "character": [
                        "C006"
                    ],
                    "act": "요구하다",
                    "emotion": "만족하다",
                    "content": "이제 항복해라."
                },
                {
                    "type": "narrative",
                    "location": "운당 여관 마당",
                    "character": [
                        "C001"
                    ],
                    "act": "때리다",
                    "emotion": "억울하다",
                    "content": "리가 억울하여 주먹으로 땅을 친다."
                },
                {
                    "type": "narrative",
                    "location": "운당 여관 마당",
                    "character": [
                        "C001"
                    ],
                    "act": "체념하다",
                    "emotion": "비참하다",
                    "content": "리가 C002의 얼굴을 보다가 고개를 숙인다."
                },
                {
                    "type": "narrative",
                    "location": "운당 여관 마당",
                    "character": [
                        "부하들"
                    ],
                    "act": "간다/이동한다",
                    "emotion": "화나다",
                    "content": "쓰러졌던 부하들이 리에게 다가온다."
                },
                {
                    "type": "narrative",
                    "location": "운당 여관 마당",
                    "character": [
                        "부하들"
                    ],
                    "act": "때리다",
                    "emotion": "화나다",
                    "content": "부하들이 주먹으로 리의 얼굴을 때린다."
                },
                {
                    "type": "narrative",
                    "location": "운당 여관 마당",
                    "character": [
                        "C001"
                    ],
                    "act": "쓰러지다",
                    "emotion": "괴롭다",
                    "content": "리가 피를 흘리며 바닥에 쓰러진다."
                },
                {
                    "type": "narrative",
                    "location": "운당 여관 마당",
                    "character": [
                        "C006"
                    ],
                    "act": "보다",
                    "emotion": "만족하다",
                    "content": "C006이 만족스러운 웃음을 지으며 쓰러진 리를 쳐다본다."
                },
                {
                    "type": "script",
                    "location": "운당 여관 마당",
                    "character": [
                        "C003"
                    ],
                    "act": "소리치다",
                    "emotion": "비장하다",
                    "content": "기다려!"
                },
                {
                    "type": "script",
                    "location": "운당 여관 마당",
                    "character": [
                        "C006"
                    ],
                    "act": "묻는다",
                    "emotion": "놀라다",
                    "content": "얘는 어디서 나타났어?"
                },
                {
                    "type": "narrative",
                    "location": "운당 여관 마당",
                    "character": [
                        "C003"
                    ],
                    "act": "공개하다/드러내다",
                    "emotion": "비장하다",
                    "content": "C003가 담벼락 위에 폼을 잡고 서있다."
                }
            ]
        },
        {
            "id": "01_0263_14",
            "prev_id": "01_0263_13",
            "next_id": "01_0263_15",
            "characters": [
                "C002",
                "C003",
                "C006",
                "C001"
            ],
            "stage": "Innermost Cave",
            "storyline": "C003가 C006을 때려눕힌 후 자신의 정체는 C003라며 리에게 마음껏 실력을 발휘하라고 한다.",
            "unit_motif": "도움을 줌/받음",
            "causality": "Distortion(뒤틀림/왜곡)",
            "story_scripts": [
                {
                    "type": "narrative",
                    "location": "운당 여관 마당",
                    "character": [
                        "C002"
                    ],
                    "act": "웃는다",
                    "emotion": "안심/안도하다",
                    "content": "C002가 C003를 보며 안심한 듯 미소를 짓는다."
                },
                {
                    "type": "narrative",
                    "location": "운당 여관 마당",
                    "character": [
                        "C003"
                    ],
                    "act": "간다/이동한다",
                    "emotion": "긴장되다",
                    "content": "C003가 담에서 조심스럽게 내려선다."
                },
                {
                    "type": "narrative",
                    "location": "운당 여관 마당",
                    "character": [
                        "C003"
                    ],
                    "act": "공격하다",
                    "emotion": "경멸하다",
                    "content": "C003가 바람처럼 날아와 C006의 안면을 공격한다."
                },
                {
                    "type": "narrative",
                    "location": "운당 여관 마당",
                    "character": [
                        "C006"
                    ],
                    "act": "쓰러지다",
                    "emotion": "괴롭다",
                    "content": "C006이 바닥에 쓰러진다."
                },
                {
                    "type": "narrative",
                    "location": "운당 여관 마당",
                    "character": [
                        "C001"
                    ],
                    "act": "보다",
                    "emotion": "놀라다",
                    "content": "쓰러져 있던 리가 C003의 활약을 보고 놀란다."
                },
                {
                    "type": "script",
                    "location": "운당 여관 마당",
                    "character": [
                        "C003"
                    ],
                    "act": "요구하다",
                    "emotion": "기쁘다",
                    "content": "저도 공격할 수 있으니 놀라지 마세요. 저는 사실 무협에 능한 C003랍니다."
                },
                {
                    "type": "narrative",
                    "location": "운당 여관 마당",
                    "character": [
                        "C002"
                    ],
                    "act": "동의하다",
                    "emotion": "뿌듯하다",
                    "content": "C002가 고개를 끄덕인다."
                },
                {
                    "type": "narrative",
                    "location": "운당 여관 마당",
                    "character": [
                        "C001"
                    ],
                    "act": "간다/이동한다",
                    "emotion": "비장하다",
                    "content": "리는 고개를 끄덕인 후, 입을 굳게 다물고 일어선다."
                },
                {
                    "type": "narrative",
                    "location": "운당 여관 마당",
                    "character": [
                        "C002",
                        "C003"
                    ],
                    "act": "웃는다",
                    "emotion": "만족하다",
                    "content": "C002와 C003가 만족스러운 웃음을 지어 보인다."
                },
                {
                    "type": "narrative",
                    "location": "운당 여관 마당",
                    "character": [
                        "C001",
                        "C006"
                    ],
                    "act": "보다",
                    "emotion": "긴장되다",
                    "content": "리의 일어나는 모습을 본 C006이 긴장한다."
                }
            ]
        },
        {
            "id": "01_0263_15",
            "prev_id": "01_0263_14",
            "next_id": "01_0263_16",
            "characters": [
                "C001",
                "부하들",
                "C006",
                "C002",
                "C003"
            ],
            "stage": "Choice to Fight",
            "storyline": "힘찬 고함소리와 함께 일어난 C001가 C006의 부하들을 때려눕히고 C002와 기쁨을 만끽한다.",
            "unit_motif": "적 제압/퇴치",
            "causality": "Celebration(축하)",
            "story_scripts": [
                {
                    "type": "narrative",
                    "location": "운당 여관 마당",
                    "character": [
                        "C001"
                    ],
                    "act": "소리치다",
                    "emotion": "비장하다",
                    "content": "리가 벌떡 일어나 손을 들고 괴성을 지른다."
                },
                {
                    "type": "narrative",
                    "location": "운당 여관 마당",
                    "character": [
                        "부하들"
                    ],
                    "act": "공격하다",
                    "emotion": "화나다",
                    "content": "부하들이 리에게 공격을 가한다."
                },
                {
                    "type": "narrative",
                    "location": "운당 여관 마당",
                    "character": [
                        "C001",
                        "부하들"
                    ],
                    "act": "다투다/대립하다",
                    "emotion": "화나다",
                    "content": "바람과 낙엽이 난무하는 마당에서 리와 부하들의 격투가 계속된다."
                },
                {
                    "type": "narrative",
                    "location": "운당 여관 마당",
                    "character": [
                        "C001"
                    ],
                    "act": "때리다",
                    "emotion": "경멸하다",
                    "content": "리가 부하들을 전부 때려눕힌다."
                },
                {
                    "type": "narrative",
                    "location": "운당 여관 마당",
                    "character": [
                        "C006"
                    ],
                    "act": "체념하다",
                    "emotion": "실망하다",
                    "content": "지켜보던 C006이 고개를 떨군다."
                },
                {
                    "type": "narrative",
                    "location": "운당 여관 마당",
                    "character": [
                        "C002",
                        "C003"
                    ],
                    "act": "웃는다",
                    "emotion": "기쁘다",
                    "content": "C002와 C003가 기쁜 미소를 리에게 날린다."
                },
                {
                    "type": "narrative",
                    "location": "운당 여관 마당",
                    "character": [
                        "C001"
                    ],
                    "act": "간다/이동한다",
                    "emotion": "행복하다",
                    "content": "리가 C002에게 뛰어간다."
                },
                {
                    "type": "narrative",
                    "location": "운당 여관 마당",
                    "character": [
                        "C001",
                        "C002"
                    ],
                    "act": "터치하다/만지다",
                    "emotion": "행복하다",
                    "content": "C002가 리에게 뛰어와 두 손을 마주 잡고 빙글빙글 돈다."
                },
                {
                    "type": "narrative",
                    "location": "운당 여관 마당",
                    "character": [
                        "C003"
                    ],
                    "act": "보다",
                    "emotion": "보람차다",
                    "content": "C003가 만족스러운 웃음을 지으며 C002와 리를 쳐다본다."
                },
                {
                    "type": "narrative",
                    "location": "운당 여관 마당",
                    "character": [
                        "C006"
                    ],
                    "act": "공개하다/드러내다",
                    "emotion": "비장하다",
                    "content": "C006이 양말 속에 감추어둔 칼을 꺼내든다."
                }
            ]
        },
        {
            "id": "01_0263_16",
            "prev_id": "01_0263_15",
            "next_id": "01_0263_17",
            "characters": [
                "C001",
                "C002",
                "C003",
                "C006"
            ],
            "stage": "Choice to Fight",
            "storyline": "C006이 던진 칼이 가슴에 꽂힌 C002는 빵집에서 훔친 빵 덕분에 목숨을 구한다.",
            "unit_motif": "기습",
            "causality": "Showdown(결전)",
            "story_scripts": [
                {
                    "type": "narrative",
                    "location": "운당 여관 마당",
                    "character": [
                        "C001",
                        "C002"
                    ],
                    "act": "보다",
                    "emotion": "놀라다",
                    "content": "리와 손을 맞잡고 웃고 있던 C002가 C006을 본다."
                },
                {
                    "type": "script",
                    "location": "운당 여관 마당",
                    "character": [
                        "C002"
                    ],
                    "act": "소리치다",
                    "emotion": "당황하다",
                    "content": "하지 마세요!"
                },
                {
                    "type": "narrative",
                    "location": "운당 여관 마당",
                    "character": [
                        "C003"
                    ],
                    "act": "보다",
                    "emotion": "놀라다",
                    "content": "C002의 외침을 들은 C003가 놀라 C006을 본다."
                },
                {
                    "type": "narrative",
                    "location": "운당 여관 마당",
                    "character": [
                        "C006"
                    ],
                    "act": "공격하다",
                    "emotion": "단호하다",
                    "content": "C006이 힘껏 칼을 던진다."
                },
                {
                    "type": "narrative",
                    "location": "운당 여관 마당",
                    "character": [
                        "C002"
                    ],
                    "act": "다치다",
                    "emotion": "괴롭다",
                    "content": "C002는 가슴에 칼이 꽂힌다."
                },
                {
                    "type": "script",
                    "location": "운당 여관 마당",
                    "character": [
                        "C001"
                    ],
                    "act": "소리치다",
                    "emotion": "놀라다",
                    "content": "이럴 수가!"
                },
                {
                    "type": "narrative",
                    "location": "운당 여관 마당",
                    "character": [
                        "C003"
                    ],
                    "act": "간다/이동한다",
                    "emotion": "놀라다",
                    "content": "C003가 C002에게 뛰어온다."
                },
                {
                    "type": "script",
                    "location": "운당 여관 마당",
                    "character": [
                        "C001"
                    ],
                    "act": "말하다",
                    "emotion": "역겹다",
                    "content": "가만두지 않겠다!"
                },
                {
                    "type": "narrative",
                    "location": "운당 여관 마당",
                    "character": [
                        "C001"
                    ],
                    "act": "때리다",
                    "emotion": "증오하다",
                    "content": "리가 C006에게 뛰어가 강력한 주먹을 얼굴에 작렬시킨다."
                },
                {
                    "type": "narrative",
                    "location": "운당 여관 마당",
                    "character": [
                        "C006"
                    ],
                    "act": "쓰러지다",
                    "emotion": "괴롭다",
                    "content": "C006이 피를 흘리며 바닥에 쓰러진다."
                },
                {
                    "type": "narrative",
                    "location": "운당 여관 마당",
                    "character": [
                        "C001"
                    ],
                    "act": "소리치다",
                    "emotion": "참담하다",
                    "content": "리가 C002 쪽을 쳐다보며 소리친다."
                },
                {
                    "type": "script",
                    "location": "운당 여관 마당",
                    "character": [
                        "C001"
                    ],
                    "act": "소리치다",
                    "emotion": "사무치다",
                    "content": "제발! 눈을 떠!"
                },
                {
                    "type": "narrative",
                    "location": "운당 여관 마당",
                    "character": [
                        "C001"
                    ],
                    "act": "간다/이동한다",
                    "emotion": "사무치다",
                    "content": "리가 C002에게 뛰어간다."
                },
                {
                    "type": "script",
                    "location": "운당 여관 마당",
                    "character": [
                        "C002"
                    ],
                    "act": "말하다",
                    "emotion": "사무치다",
                    "content": "그래도 인생의 마지막을 리와 함께해서 좋아요."
                },
                {
                    "type": "script",
                    "location": "운당 여관 마당",
                    "character": [
                        "C001"
                    ],
                    "act": "조언/충고하다",
                    "emotion": "안타깝다",
                    "content": "제발 돌아오시오."
                },
                {
                    "type": "script",
                    "location": "운당 여관 마당",
                    "character": [
                        "C003"
                    ],
                    "act": "소리치다",
                    "emotion": "단호하다",
                    "content": "방법이 있어!"
                },
                {
                    "type": "narrative",
                    "location": "운당 여관 마당",
                    "character": [
                        "C003"
                    ],
                    "act": "낚아채다/움켜쥐다",
                    "emotion": "단호하다",
                    "content": "C003가 C002의 가슴에 꽂힌 칼을 뺀다."
                },
                {
                    "type": "narrative",
                    "location": "운당 여관 마당",
                    "character": [
                        "C003"
                    ],
                    "act": "공개하다/드러내다",
                    "emotion": "단호하다",
                    "content": "C003가 C002의 옷 속에서 빵을 꺼내어 든다."
                },
                {
                    "type": "script",
                    "location": "운당 여관 마당",
                    "character": [
                        "C003"
                    ],
                    "act": "말하다",
                    "emotion": "안심/안도하다",
                    "content": "이 빵 덕분에 죽음을 면했어."
                }
            ]
        },
        {
            "id": "01_0263_17",
            "prev_id": "01_0263_16",
            "characters": [
                "C001",
                "C003",
                "C002",
                "C006"
            ],
            "stage": "Resurrection",
            "storyline": "C006과 C002, C003에게 C001라는 자신의 이름을 알려주고, 리는 길을 떠난다.",
            "unit_motif": "존경/동경",
            "causality": "Catharsis(카타르시스)",
            "story_scripts": [
                {
                    "type": "narrative",
                    "location": "운당 여관 마당",
                    "character": [
                        "C001",
                        "C003",
                        "C002"
                    ],
                    "act": "보다",
                    "emotion": "안심/안도하다",
                    "content": "C001, C003, C002가 하늘을 본다."
                },
                {
                    "type": "script",
                    "location": "운당 여관 마당",
                    "character": [
                        "C001"
                    ],
                    "act": "말하다",
                    "emotion": "비장하다",
                    "content": "이제 안심이 됩니다. 여기서 각자 갈 길을 갑시다."
                },
                {
                    "type": "narrative",
                    "location": "운당 여관 마당",
                    "character": [
                        "C001"
                    ],
                    "act": "간다/이동한다",
                    "emotion": "자신감 있다",
                    "content": "C001가 C006 앞에 다가간다."
                },
                {
                    "type": "narrative",
                    "location": "운당 여관 마당",
                    "character": [
                        "C001"
                    ],
                    "act": "사용하다",
                    "emotion": "보람차다",
                    "content": "리가 뒷주머니에서 빗을 꺼내 머리를 빗는다."
                },
                {
                    "type": "script",
                    "location": "운당 여관 마당",
                    "character": [
                        "C001"
                    ],
                    "act": "묻는다",
                    "emotion": "자신감 있다",
                    "content": "할 말이 있어. 들어주겠나?"
                },
                {
                    "type": "narrative",
                    "location": "운당 여관 마당",
                    "character": [
                        "C006"
                    ],
                    "act": "보다",
                    "emotion": "창피하다",
                    "content": "C006이 리를 올려다본다."
                },
                {
                    "type": "script",
                    "location": "운당 여관 마당",
                    "character": [
                        "C001"
                    ],
                    "act": "제안하다",
                    "emotion": "자신감 있다",
                    "content": "이제부터 다른 사람을 괴롭히지 않고 선하게 살기로 약속하자."
                },
                {
                    "type": "script",
                    "location": "운당 여관 마당",
                    "character": [
                        "C006"
                    ],
                    "act": "요청하다",
                    "emotion": "씁쓸하다",
                    "content": "너의 이름만이라도 알려다오."
                },
                {
                    "type": "script",
                    "location": "운당 여관 마당",
                    "character": [
                        "C001"
                    ],
                    "act": "말하다",
                    "emotion": "자신감 있다",
                    "content": "나는 C001라고 한다."
                },
                {
                    "type": "narrative",
                    "location": "운당 여관 마당",
                    "character": [
                        "C006"
                    ],
                    "act": "인지하다/알게되다",
                    "emotion": "놀라다",
                    "content": "C006이 놀란다."
                },
                {
                    "type": "narrative",
                    "location": "운당 여관 마당",
                    "character": [
                        "C001"
                    ],
                    "act": "웃는다",
                    "emotion": "통쾌하다",
                    "content": "리가 손을 높이 들고 호탕하게 웃는다."
                },
                {
                    "type": "narrative",
                    "location": "운당 여관 마당",
                    "character": [
                        "C002",
                        "C003"
                    ],
                    "act": "인지하다/알게되다",
                    "emotion": "놀라다",
                    "content": "C002와 C003가 놀란다."
                },
                {
                    "type": "narrative",
                    "location": "운당 여관 마당",
                    "character": [
                        "C002"
                    ],
                    "act": "소리치다",
                    "emotion": "서운하다",
                    "content": "C002가 손나발을 만들어 소리쳐 리를 부른다."
                },
                {
                    "type": "narrative",
                    "location": "운당 여관 마당",
                    "character": [
                        "C001"
                    ],
                    "act": "보다",
                    "emotion": "보람차다",
                    "content": "앞으로 걸어가던 리가 고개를 돌려 C002에게 윙크를 한다."
                },
                {
                    "type": "narrative",
                    "location": "운당 여관 마당",
                    "character": [
                        "C001"
                    ],
                    "act": "간다/이동한다",
                    "emotion": "자신감 있다",
                    "content": "C001가 길을 떠난다."
                }
            ]
        }
    ]
}